{"cameraMode":{"drawMode":0,"name":"Shaded","section":"Shading Mode"},"sceneLighting":false,"audioPlay":false,"sceneViewState":{"m_AlwaysRefresh":false,"showFog":true,"showSkybox":false,"showFlares":true,"showImageEffects":true,"showParticleSystems":true,"showVisualEffectGraphs":true,"m_FxEnabled":true},"in2DMode":false,"pivot":{"x":-0.23978663980960847,"y":1.4010292291641236,"z":-0.1904401183128357},"rotation":{"x":0.1370350420475006,"y":0.6695773601531982,"z":-0.12766115367412568,"w":0.7187420725822449},"size":2.020054578781128,"orthographic":true}