{"cameraMode":{"drawMode":0,"name":"Shaded","section":"Shading Mode"},"sceneLighting":false,"audioPlay":false,"sceneViewState":{"m_AlwaysRefresh":false,"showFog":true,"showSkybox":false,"showFlares":true,"showImageEffects":true,"showParticleSystems":true,"showVisualEffectGraphs":true,"m_FxEnabled":true},"in2DMode":false,"pivot":{"x":0.005000114440917969,"y":0.5099999904632568,"z":-0.000003337860107421875},"rotation":{"x":0.6996442079544067,"y":0.0010714679956436158,"z":-0.0010498322080820799,"w":0.7144926190376282},"size":17.3648681640625,"orthographic":false}