{"cameraMode":{"drawMode":0,"name":"Shaded","section":"Shading Mode"},"sceneLighting":false,"audioPlay":false,"sceneViewState":{"m_AlwaysRefresh":false,"showFog":true,"showSkybox":false,"showFlares":true,"showImageEffects":true,"showParticleSystems":true,"showVisualEffectGraphs":true,"m_FxEnabled":true},"in2DMode":false,"pivot":{"x":-2.874037027359009,"y":-0.6962515115737915,"z":-0.9208134412765503},"rotation":{"x":0.004311929456889629,"y":-0.9954546689987183,"z":0.07720064371824265,"w":0.055600423365831378},"size":0.8660253882408142,"orthographic":false}