{"cameraMode":{"drawMode":0,"name":"Shaded","section":"Shading Mode"},"sceneLighting":false,"audioPlay":false,"sceneViewState":{"m_AlwaysRefresh":false,"showFog":true,"showSkybox":false,"showFlares":true,"showImageEffects":true,"showParticleSystems":true,"showVisualEffectGraphs":true,"m_FxEnabled":true},"in2DMode":false,"pivot":{"x":3.725290298461914e-9,"y":0.007342161610722542,"z":1.1175870895385743e-8},"rotation":{"x":0.3898133337497711,"y":-0.2543279230594635,"z":0.11295253038406372,"w":0.8778616189956665},"size":0.03316837549209595,"orthographic":false}