{"cameraMode":{"drawMode":0,"name":"Shaded","section":"Shading Mode"},"sceneLighting":false,"audioPlay":false,"sceneViewState":{"m_AlwaysRefresh":false,"showFog":true,"showSkybox":false,"showFlares":true,"showImageEffects":true,"showParticleSystems":true,"showVisualEffectGraphs":true,"m_FxEnabled":true},"in2DMode":false,"pivot":{"x":-0.006591440178453922,"y":0.06181018799543381,"z":0.00027371570467948914},"rotation":{"x":0.06534699350595474,"y":-0.013469306752085686,"z":0.0008954916265793145,"w":0.9977893233299255},"size":0.07732255756855011,"orthographic":false}