{"cameraMode":{"drawMode":0,"name":"Shaded","section":"Shading Mode"},"sceneLighting":true,"audioPlay":false,"sceneViewState":{"m_AlwaysRefresh":false,"showFog":true,"showSkybox":false,"showFlares":true,"showImageEffects":true,"showParticleSystems":true,"showVisualEffectGraphs":true,"m_FxEnabled":true},"in2DMode":false,"pivot":{"x":0.528937578201294,"y":0.1948208212852478,"z":-0.17763370275497437},"rotation":{"x":-0.16930463910102845,"y":-0.22746580839157105,"z":0.040187567472457889,"w":-0.9581186175346375},"size":0.8368300795555115,"orthographic":false}