{"cameraMode":{"drawMode":0,"name":"Shaded","section":"Shading Mode"},"sceneLighting":false,"audioPlay":false,"sceneViewState":{"m_AlwaysRefresh":false,"showFog":true,"showSkybox":false,"showFlares":true,"showImageEffects":true,"showParticleSystems":true,"showVisualEffectGraphs":true,"m_FxEnabled":true},"in2DMode":false,"pivot":{"x":-0.06641173362731934,"y":1.0262271165847779,"z":-1.3264508247375489},"rotation":{"x":0.40724077820777895,"y":0.0738498717546463,"z":-0.03305880352854729,"w":0.9097297787666321},"size":3.2541868686676027,"orthographic":true}