{"cameraMode":{"drawMode":0,"name":"Shaded","section":"Shading Mode"},"sceneLighting":false,"audioPlay":false,"sceneViewState":{"m_AlwaysRefresh":false,"showFog":true,"showSkybox":false,"showFlares":true,"showImageEffects":true,"showParticleSystems":true,"showVisualEffectGraphs":true,"m_FxEnabled":true},"in2DMode":false,"pivot":{"x":0.005035400390625,"y":0.48241275548934939,"z":0.3464650809764862},"rotation":{"x":0.04938540607690811,"y":0.9349908828735352,"z":-0.3202577233314514,"w":0.14418044686317445},"size":0.7408016324043274,"orthographic":true}