{"cameraMode":{"drawMode":0,"name":"Shaded","section":"Shading Mode"},"sceneLighting":false,"audioPlay":false,"sceneViewState":{"m_AlwaysRefresh":false,"showFog":true,"showSkybox":false,"showFlares":true,"showImageEffects":true,"showParticleSystems":true,"showVisualEffectGraphs":true,"m_FxEnabled":true},"in2DMode":false,"pivot":{"x":2.4976894855499269,"y":-2.1178407669067385,"z":-0.592989444732666},"rotation":{"x":0.6521379947662354,"y":-0.0000011250592706346652,"z":-7.667773047614901e-7,"w":0.7581049799919128},"size":3.86602520942688,"orthographic":false}