{"cameraMode":{"drawMode":0,"name":"Shaded","section":"Shading Mode"},"sceneLighting":false,"audioPlay":false,"sceneViewState":{"m_AlwaysRefresh":false,"showFog":true,"showSkybox":false,"showFlares":true,"showImageEffects":true,"showParticleSystems":true,"showVisualEffectGraphs":true,"m_FxEnabled":true},"in2DMode":false,"pivot":{"x":-0.022844891995191575,"y":0.05552775412797928,"z":0.03308938071131706},"rotation":{"x":0.06534699350595474,"y":-0.013469306752085686,"z":0.0008954916265793145,"w":0.9977893233299255},"size":2.5750315189361574,"orthographic":false}