{"cameraMode":{"drawMode":0,"name":"Shaded","section":"Shading Mode"},"sceneLighting":false,"audioPlay":false,"sceneViewState":{"m_AlwaysRefresh":false,"showFog":true,"showSkybox":false,"showFlares":true,"showImageEffects":true,"showParticleSystems":true,"showVisualEffectGraphs":true,"m_FxEnabled":true},"in2DMode":false,"pivot":{"x":-0.00003205984830856323,"y":0.14250002801418305,"z":0.09048032760620117},"rotation":{"x":0.06859782338142395,"y":0.9033229351043701,"z":-0.39304086565971377,"w":0.15766257047653199},"size":0.19133159518241883,"orthographic":false}