{"cameraMode":{"drawMode":0,"name":"Shaded","section":"Shading Mode"},"sceneLighting":false,"audioPlay":false,"sceneViewState":{"m_AlwaysRefresh":false,"showFog":true,"showSkybox":false,"showFlares":true,"showImageEffects":true,"showParticleSystems":true,"showVisualEffectGraphs":true,"m_FxEnabled":true},"in2DMode":false,"pivot":{"x":-0.0008531510829925537,"y":0.04746685177087784,"z":0.0010800603777170182},"rotation":{"x":0.06534699350595474,"y":-0.013469306752085686,"z":0.0008954916265793145,"w":0.9977893233299255},"size":0.6996928453445435,"orthographic":false}