{"cameraMode":{"drawMode":0,"name":"Shaded","section":"Shading Mode"},"sceneLighting":false,"audioPlay":false,"sceneViewState":{"m_AlwaysRefresh":false,"showFog":true,"showSkybox":false,"showFlares":true,"showImageEffects":true,"showParticleSystems":true,"showVisualEffectGraphs":true,"m_FxEnabled":true},"in2DMode":false,"pivot":{"x":-0.444180428981781,"y":0.07904288172721863,"z":-0.0013528577983379365},"rotation":{"x":-0.0033577722497284414,"y":0.9946589469909668,"z":-0.09728775173425675,"w":-0.034329354763031009},"size":1.518634557723999,"orthographic":true}